timestamp,id,ip,latitude,longitude,country,state,city
1684196387094,1a301e29-6d6f-5e47-b130-e8fb5c0b1ee2,59.90.255.63,12.96677,77.58003,India,Karnataka,Bengaluru
1684196440840,fba283ed-9295-5907-848d-59da9d2664a1,192.98.251.204,34.05357,-118.24545,United States,California,Los Angeles
1684196476484,fba283ed-9295-5907-848d-59da9d2664a1,192.98.251.204,34.05357,-118.24545,United States,California,Los Angeles
1684196516641,9a68e620-6deb-58c1-be7b-8ef47190ec47,223.232.180.59,28.44324,77.05501,India,Haryana,Gurugram
1684196558470,9a68e620-6deb-58c1-be7b-8ef47190ec47,223.232.180.59,28.44324,77.05501,India,Haryana,Gurugram
1684196606664,95cdb0f2-9487-5bfd-aeda-bac27dd406fa,51.215.112.211,48.18234,11.59691,Germany,Bavaria,Munich
1684196665608,fba283ed-9295-5907-848d-59da9d2664a1,192.98.251.204,34.05357,-118.24545,United States,California,Los Angeles
1684196698276,95cdb0f2-9487-5bfd-aeda-bac27dd406fa,51.215.112.211,48.18234,11.59691,Germany,Bavaria,Munich
1684196743449,9a68e620-6deb-58c1-be7b-8ef47190ec47,223.232.180.59,28.44324,77.05501,India,Haryana,Gurugram
1684196779271,e790b6c4-b5bf-5e4d-ae5a-788ac28506b8,162.95.29.77,39.76348,-86.15116,United States,Indiana,Indianapolis
1684196815396,3c935d47-dade-522c-96af-511ecb068fdb,90.69.147.110,40.41951,-3.80142,Spain,Community of Madrid,Pozuelo de Alarcón
1684196862703,7b72c512-c34f-5e26-aecc-a09b1c107938,72.132.49.186,33.72892,-116.37866,United States,California,Palm Desert
1684196908498,fba283ed-9295-5907-848d-59da9d2664a1,192.98.251.204,34.05357,-118.24545,United States,California,Los Angeles
1684196954664,ee526cba-4846-5a1f-bd30-5397a63ce383,149.107.176.192,38.90701,-77.05270,United States,District of Columbia,Washington
1684197006250,baa10c90-6ee4-5fe6-8568-01dcae970035,15.31.18.8,37.41188,-122.14806,United States,California,Palo Alto
1684197038731,95cdb0f2-9487-5bfd-aeda-bac27dd406fa,51.215.112.211,48.18234,11.59691,Germany,Bavaria,Munich
1684197087374,95cdb0f2-9487-5bfd-aeda-bac27dd406fa,51.215.112.211,48.18234,11.59691,Germany,Bavaria,Munich
1684197136662,e790b6c4-b5bf-5e4d-ae5a-788ac28506b8,162.95.29.77,39.76348,-86.15116,United States,Indiana,Indianapolis
1684197196602,1f15b7d4-6481-50ea-84dc-3555326ee3fe,214.183.104.21,39.97883,-82.89573,United States,Ohio,Columbus
1684197238045,fba283ed-9295-5907-848d-59da9d2664a1,192.98.251.204,34.05357,-118.24545,United States,California,Los Angeles
1684197286858,9a68e620-6deb-58c1-be7b-8ef47190ec47,223.232.180.59,28.44324,77.05501,India,Haryana,Gurugram
1684197342630,1f15b7d4-6481-50ea-84dc-3555326ee3fe,214.183.104.21,39.97883,-82.89573,United States,Ohio,Columbus
1684197382908,6518f323-b53d-5946-a43d-eaa888253ff8,69.115.161.47,40.75997,-73.50450,United States,New York,Hicksville
1684197431240,6518f323-b53d-5946-a43d-eaa888253ff8,69.115.161.47,40.75997,-73.50450,United States,New York,Hicksville
1684197483772,e790b6c4-b5bf-5e4d-ae5a-788ac28506b8,162.95.29.77,39.76348,-86.15116,United States,Indiana,Indianapolis
1684197517663,0c8cca05-0e9e-5cb6-bf1b-0f5b3151b0c9,91.174.207.0,48.87135,2.32115,France,Ile-de-France,Paris
1684197569425,9a68e620-6deb-58c1-be7b-8ef47190ec47,223.232.180.59,28.44324,77.05501,India,Haryana,Gurugram
1684197620137,ee526cba-4846-5a1f-bd30-5397a63ce383,149.107.176.192,38.90701,-77.05270,United States,District of Columbia,Washington
1684197674147,0c8cca05-0e9e-5cb6-bf1b-0f5b3151b0c9,91.174.207.0,48.87135,2.32115,France,Ile-de-France,Paris
1684197731766,95cdb0f2-9487-5bfd-aeda-bac27dd406fa,51.215.112.211,48.18234,11.59691,Germany,Bavaria,Munich
1684197784776,6518f323-b53d-5946-a43d-eaa888253ff8,69.115.161.47,40.75997,-73.50450,United States,New York,Hicksville
1684197823949,fba283ed-9295-5907-848d-59da9d2664a1,192.98.251.204,34.05357,-118.24545,United States,California,Los Angeles
1684197868129,aff3b117-acd0-503e-b2fd-f37c0e5612ef,55.60.192.143,31.55514,-110.34628,United States,Arizona,Fort Huachuca
1684197910376,ee526cba-4846-5a1f-bd30-5397a63ce383,149.107.176.192,38.90701,-77.05270,United States,District of Columbia,Washington
1684197970273,9a68e620-6deb-58c1-be7b-8ef47190ec47,223.232.180.59,28.44324,77.05501,India,Haryana,Gurugram
1684198020383,3c935d47-dade-522c-96af-511ecb068fdb,90.69.147.110,40.41951,-3.80142,Spain,Community of Madrid,Pozuelo de Alarcón
1684198054985,7d116fe5-2cac-5811-8101-d50810709f47,8.253.203.60,32.58997,-92.06862,United States,Louisiana,Monroe
1684198107468,fba283ed-9295-5907-848d-59da9d2664a1,192.98.251.204,34.05357,-118.24545,United States,California,Los Angeles
1684198157420,0c8cca05-0e9e-5cb6-bf1b-0f5b3151b0c9,91.174.207.0,48.87135,2.32115,France,Ile-de-France,Paris
1684198193505,9a68e620-6deb-58c1-be7b-8ef47190ec47,223.232.180.59,28.44324,77.05501,India,Haryana,Gurugram
1684198250451,aff3b117-acd0-503e-b2fd-f37c0e5612ef,55.60.192.143,31.55514,-110.34628,United States,Arizona,Fort Huachuca
1684198306236,ee526cba-4846-5a1f-bd30-5397a63ce383,149.107.176.192,38.90701,-77.05270,United States,District of Columbia,Washington
1684198352780,1f15b7d4-6481-50ea-84dc-3555326ee3fe,214.183.104.21,39.97883,-82.89573,United States,Ohio,Columbus
1684198391416,fba283ed-9295-5907-848d-59da9d2664a1,192.98.251.204,34.05357,-118.24545,United States,California,Los Angeles
1684198427878,f353d640-647d-54e2-ad90-37d7de80fe34,172.111.30.38,41.67696,-85.00375,United States,Indiana,Angola
1684198475149,9a68e620-6deb-58c1-be7b-8ef47190ec47,223.232.180.59,28.44324,77.05501,India,Haryana,Gurugram
1684198524905,fba283ed-9295-5907-848d-59da9d2664a1,192.98.251.204,34.05357,-118.24545,United States,California,Los Angeles
1684198572689,7b72c512-c34f-5e26-aecc-a09b1c107938,72.132.49.186,33.72892,-116.37866,United States,California,Palm Desert
1684198616988,95cdb0f2-9487-5bfd-aeda-bac27dd406fa,51.215.112.211,48.18234,11.59691,Germany,Bavaria,Munich
1684198664009,f353d640-647d-54e2-ad90-37d7de80fe34,172.111.30.38,41.67696,-85.00375,United States,Indiana,Angola
1684198706808,1a301e29-6d6f-5e47-b130-e8fb5c0b1ee2,59.90.255.63,12.96677,77.58003,India,Karnataka,Bengaluru
1684198743134,0c8cca05-0e9e-5cb6-bf1b-0f5b3151b0c9,91.174.207.0,48.87135,2.32115,France,Ile-de-France,Paris
1684198797060,f353d640-647d-54e2-ad90-37d7de80fe34,172.111.30.38,41.67696,-85.00375,United States,Indiana,Angola
1684198854432,1f15b7d4-6481-50ea-84dc-3555326ee3fe,214.183.104.21,39.97883,-82.89573,United States,Ohio,Columbus
1684198892218,7b72c512-c34f-5e26-aecc-a09b1c107938,72.132.49.186,33.72892,-116.37866,United States,California,Palm Desert
1684198952156,1a301e29-6d6f-5e47-b130-e8fb5c0b1ee2,59.90.255.63,12.96677,77.58003,India,Karnataka,Bengaluru
1684198985950,f353d640-647d-54e2-ad90-37d7de80fe34,172.111.30.38,41.67696,-85.00375,United States,Indiana,Angola
1684199028787,95cdb0f2-9487-5bfd-aeda-bac27dd406fa,51.215.112.211,48.18234,11.59691,Germany,Bavaria,Munich
1684199069982,1a301e29-6d6f-5e47-b130-e8fb5c0b1ee2,59.90.255.63,12.96677,77.58003,India,Karnataka,Bengaluru
1684199104110,ee526cba-4846-5a1f-bd30-5397a63ce383,149.107.176.192,38.90701,-77.05270,United States,District of Columbia,Washington
1684199156905,3c935d47-dade-522c-96af-511ecb068fdb,90.69.147.110,40.41951,-3.80142,Spain,Community of Madrid,Pozuelo de Alarcón
1684199191970,1f15b7d4-6481-50ea-84dc-3555326ee3fe,214.183.104.21,39.97883,-82.89573,United States,Ohio,Columbus
1684199227055,1a301e29-6d6f-5e47-b130-e8fb5c0b1ee2,59.90.255.63,12.96677,77.58003,India,Karnataka,Bengaluru
1684199284836,fba283ed-9295-5907-848d-59da9d2664a1,192.98.251.204,34.05357,-118.24545,United States,California,Los Angeles
1684199321822,0c8cca05-0e9e-5cb6-bf1b-0f5b3151b0c9,91.174.207.0,48.87135,2.32115,France,Ile-de-France,Paris
1684199357948,aff3b117-acd0-503e-b2fd-f37c0e5612ef,55.60.192.143,31.55514,-110.34628,United States,Arizona,Fort Huachuca
1684199402803,aff3b117-acd0-503e-b2fd-f37c0e5612ef,55.60.192.143,31.55514,-110.34628,United States,Arizona,Fort Huachuca
1684199441651,f353d640-647d-54e2-ad90-37d7de80fe34,172.111.30.38,41.67696,-85.00375,United States,Indiana,Angola
1684199495281,3c935d47-dade-522c-96af-511ecb068fdb,90.69.147.110,40.41951,-3.80142,Spain,Community of Madrid,Pozuelo de Alarcón
1684199525412,0c8cca05-0e9e-5cb6-bf1b-0f5b3151b0c9,91.174.207.0,48.87135,2.32115,France,Ile-de-France,Paris
1684199573903,7d116fe5-2cac-5811-8101-d50810709f47,8.253.203.60,32.58997,-92.06862,United States,Louisiana,Monroe
1684199627228,1f15b7d4-6481-50ea-84dc-3555326ee3fe,214.183.104.21,39.97883,-82.89573,United States,Ohio,Columbus
1684199680419,9a68e620-6deb-58c1-be7b-8ef47190ec47,223.232.180.59,28.44324,77.05501,India,Haryana,Gurugram
1684199714540,7d116fe5-2cac-5811-8101-d50810709f47,8.253.203.60,32.58997,-92.06862,United States,Louisiana,Monroe
1684199754150,baa10c90-6ee4-5fe6-8568-01dcae970035,15.31.18.8,37.41188,-122.14806,United States,California,Palo Alto
1684199785619,fba283ed-9295-5907-848d-59da9d2664a1,192.98.251.204,34.05357,-118.24545,United States,California,Los Angeles
1684199836301,f353d640-647d-54e2-ad90-37d7de80fe34,172.111.30.38,41.67696,-85.00375,United States,Indiana,Angola
1684199886956,95cdb0f2-9487-5bfd-aeda-bac27dd406fa,51.215.112.211,48.18234,11.59691,Germany,Bavaria,Munich
1684199935557,ee526cba-4846-5a1f-bd30-5397a63ce383,149.107.176.192,38.90701,-77.05270,United States,District of Columbia,Washington
1684199986635,95cdb0f2-9487-5bfd-aeda-bac27dd406fa,51.215.112.211,48.18234,11.59691,Germany,Bavaria,Munich
1684200035595,ee526cba-4846-5a1f-bd30-5397a63ce383,149.107.176.192,38.90701,-77.05270,United States,District of Columbia,Washington
1684200080933,9a68e620-6deb-58c1-be7b-8ef47190ec47,223.232.180.59,28.44324,77.05501,India,Haryana,Gurugram
1684200137544,e790b6c4-b5bf-5e4d-ae5a-788ac28506b8,162.95.29.77,39.76348,-86.15116,United States,Indiana,Indianapolis
1684200180758,0c8cca05-0e9e-5cb6-bf1b-0f5b3151b0c9,91.174.207.0,48.87135,2.32115,France,Ile-de-France,Paris
1684200237950,1f15b7d4-6481-50ea-84dc-3555326ee3fe,214.183.104.21,39.97883,-82.89573,United States,Ohio,Columbus
1684200289820,3c935d47-dade-522c-96af-511ecb068fdb,90.69.147.110,40.41951,-3.80142,Spain,Community of Madrid,Pozuelo de Alarcón
1684200349750,1f15b7d4-6481-50ea-84dc-3555326ee3fe,214.183.104.21,39.97883,-82.89573,United States,Ohio,Columbus
1684200408239,fba283ed-9295-5907-848d-59da9d2664a1,192.98.251.204,34.05357,-118.24545,United States,California,Los Angeles
1684200457503,95cdb0f2-9487-5bfd-aeda-bac27dd406fa,51.215.112.211,48.18234,11.59691,Germany,Bavaria,Munich
1684200503309,95cdb0f2-9487-5bfd-aeda-bac27dd406fa,51.215.112.211,48.18234,11.59691,Germany,Bavaria,Munich
1684200546860,fba283ed-9295-5907-848d-59da9d2664a1,192.98.251.204,34.05357,-118.24545,United States,California,Los Angeles
1684200602404,7d116fe5-2cac-5811-8101-d50810709f47,8.253.203.60,32.58997,-92.06862,United States,Louisiana,Monroe
1684200634773,9a68e620-6deb-58c1-be7b-8ef47190ec47,223.232.180.59,28.44324,77.05501,India,Haryana,Gurugram
1684200681961,1f15b7d4-6481-50ea-84dc-3555326ee3fe,214.183.104.21,39.97883,-82.89573,United States,Ohio,Columbus
1684200739580,aff3b117-acd0-503e-b2fd-f37c0e5612ef,55.60.192.143,31.55514,-110.34628,United States,Arizona,Fort Huachuca
1684200787036,e790b6c4-b5bf-5e4d-ae5a-788ac28506b8,162.95.29.77,39.76348,-86.15116,United States,Indiana,Indianapolis
1684200825101,fba283ed-9295-5907-848d-59da9d2664a1,192.98.251.204,34.05357,-118.24545,United States,California,Los Angeles
1684200873956,e790b6c4-b5bf-5e4d-ae5a-788ac28506b8,162.95.29.77,39.76348,-86.15116,United States,Indiana,Indianapolis
1684200907690,7d116fe5-2cac-5811-8101-d50810709f47,8.253.203.60,32.58997,-92.06862,United States,Louisiana,Monroe
1684200945595,e790b6c4-b5bf-5e4d-ae5a-788ac28506b8,162.95.29.77,39.76348,-86.15116,United States,Indiana,Indianapolis
1684200976279,95cdb0f2-9487-5bfd-aeda-bac27dd406fa,51.215.112.211,48.18234,11.59691,Germany,Bavaria,Munich
1684201010235,95cdb0f2-9487-5bfd-aeda-bac27dd406fa,51.215.112.211,48.18234,11.59691,Germany,Bavaria,Munich
1684201055782,3c935d47-dade-522c-96af-511ecb068fdb,90.69.147.110,40.41951,-3.80142,Spain,Community of Madrid,Pozuelo de Alarcón
1684201103753,95cdb0f2-9487-5bfd-aeda-bac27dd406fa,51.215.112.211,48.18234,11.59691,Germany,Bavaria,Munich
1684201137140,fba283ed-9295-5907-848d-59da9d2664a1,192.98.251.204,34.05357,-118.24545,United States,California,Los Angeles
1684201183272,aff3b117-acd0-503e-b2fd-f37c0e5612ef,55.60.192.143,31.55514,-110.34628,United States,Arizona,Fort Huachuca
1684201241536,9a68e620-6deb-58c1-be7b-8ef47190ec47,223.232.180.59,28.44324,77.05501,India,Haryana,Gurugram
1684201276947,ee526cba-4846-5a1f-bd30-5397a63ce383,149.107.176.192,38.90701,-77.05270,United States,District of Columbia,Washington
1684201328277,aff3b117-acd0-503e-b2fd-f37c0e5612ef,55.60.192.143,31.55514,-110.34628,United States,Arizona,Fort Huachuca
1684201387367,ee526cba-4846-5a1f-bd30-5397a63ce383,149.107.176.192,38.90701,-77.05270,United States,District of Columbia,Washington
1684201439101,9a68e620-6deb-58c1-be7b-8ef47190ec47,223.232.180.59,28.44324,77.05501,India,Haryana,Gurugram
1684201495014,7d116fe5-2cac-5811-8101-d50810709f47,8.253.203.60,32.58997,-92.06862,United States,Louisiana,Monroe
1684201547652,7d116fe5-2cac-5811-8101-d50810709f47,8.253.203.60,32.58997,-92.06862,United States,Louisiana,Monroe
1684201581479,7d116fe5-2cac-5811-8101-d50810709f47,8.253.203.60,32.58997,-92.06862,United States,Louisiana,Monroe
1684201628876,7d116fe5-2cac-5811-8101-d50810709f47,8.253.203.60,32.58997,-92.06862,United States,Louisiana,Monroe
1684201687549,ee526cba-4846-5a1f-bd30-5397a63ce383,149.107.176.192,38.90701,-77.05270,United States,District of Columbia,Washington
1684201728633,1f15b7d4-6481-50ea-84dc-3555326ee3fe,214.183.104.21,39.97883,-82.89573,United States,Ohio,Columbus
1684201777518,7d116fe5-2cac-5811-8101-d50810709f47,8.253.203.60,32.58997,-92.06862,United States,Louisiana,Monroe
1684201836080,95cdb0f2-9487-5bfd-aeda-bac27dd406fa,51.215.112.211,48.18234,11.59691,Germany,Bavaria,Munich
1684201889208,aff3b117-acd0-503e-b2fd-f37c0e5612ef,55.60.192.143,31.55514,-110.34628,United States,Arizona,Fort Huachuca
1684201922748,9a68e620-6deb-58c1-be7b-8ef47190ec47,223.232.180.59,28.44324,77.05501,India,Haryana,Gurugram
1684201969610,95cdb0f2-9487-5bfd-aeda-bac27dd406fa,51.215.112.211,48.18234,11.59691,Germany,Bavaria,Munich
1684202008613,1f15b7d4-6481-50ea-84dc-3555326ee3fe,214.183.104.21,39.97883,-82.89573,United States,Ohio,Columbus
1684202052357,3c935d47-dade-522c-96af-511ecb068fdb,90.69.147.110,40.41951,-3.80142,Spain,Community of Madrid,Pozuelo de Alarcón
1684202089395,95cdb0f2-9487-5bfd-aeda-bac27dd406fa,51.215.112.211,48.18234,11.59691,Germany,Bavaria,Munich
1684202131306,95cdb0f2-9487-5bfd-aeda-bac27dd406fa,51.215.112.211,48.18234,11.59691,Germany,Bavaria,Munich
1684202185605,ee526cba-4846-5a1f-bd30-5397a63ce383,149.107.176.192,38.90701,-77.05270,United States,District of Columbia,Washington
1684202228551,1f15b7d4-6481-50ea-84dc-3555326ee3fe,214.183.104.21,39.97883,-82.89573,United States,Ohio,Columbus
1684202274311,9a68e620-6deb-58c1-be7b-8ef47190ec47,223.232.180.59,28.44324,77.05501,India,Haryana,Gurugram
1684202312657,95cdb0f2-9487-5bfd-aeda-bac27dd406fa,51.215.112.211,48.18234,11.59691,Germany,Bavaria,Munich
1684202366619,1f15b7d4-6481-50ea-84dc-3555326ee3fe,214.183.104.21,39.97883,-82.89573,United States,Ohio,Columbus
1684202417874,9a68e620-6deb-58c1-be7b-8ef47190ec47,223.232.180.59,28.44324,77.05501,India,Haryana,Gurugram
1684202457782,7d116fe5-2cac-5811-8101-d50810709f47,8.253.203.60,32.58997,-92.06862,United States,Louisiana,Monroe
1684202501812,7d116fe5-2cac-5811-8101-d50810709f47,8.253.203.60,32.58997,-92.06862,United States,Louisiana,Monroe
1684202557564,1f15b7d4-6481-50ea-84dc-3555326ee3fe,214.183.104.21,39.97883,-82.89573,United States,Ohio,Columbus
1684202604117,95cdb0f2-9487-5bfd-aeda-bac27dd406fa,51.215.112.211,48.18234,11.59691,Germany,Bavaria,Munich
1684202657368,1f15b7d4-6481-50ea-84dc-3555326ee3fe,214.183.104.21,39.97883,-82.89573,United States,Ohio,Columbus
1684202707530,95cdb0f2-9487-5bfd-aeda-bac27dd406fa,51.215.112.211,48.18234,11.59691,Germany,Bavaria,Munich
1684202742977,1f15b7d4-6481-50ea-84dc-3555326ee3fe,214.183.104.21,39.97883,-82.89573,United States,Ohio,Columbus
1684202777017,3c935d47-dade-522c-96af-511ecb068fdb,90.69.147.110,40.41951,-3.80142,Spain,Community of Madrid,Pozuelo de Alarcón
1684202809492,3c935d47-dade-522c-96af-511ecb068fdb,90.69.147.110,40.41951,-3.80142,Spain,Community of Madrid,Pozuelo de Alarcón
1684202856119,1f15b7d4-6481-50ea-84dc-3555326ee3fe,214.183.104.21,39.97883,-82.89573,United States,Ohio,Columbus
1684202889960,95cdb0f2-9487-5bfd-aeda-bac27dd406fa,51.215.112.211,48.18234,11.59691,Germany,Bavaria,Munich
1684202939358,9a68e620-6deb-58c1-be7b-8ef47190ec47,223.232.180.59,28.44324,77.05501,India,Haryana,Gurugram
1684202992898,ee526cba-4846-5a1f-bd30-5397a63ce383,149.107.176.192,38.90701,-77.05270,United States,District of Columbia,Washington
1684203023614,7d116fe5-2cac-5811-8101-d50810709f47,8.253.203.60,32.58997,-92.06862,United States,Louisiana,Monroe
1684203067275,9a68e620-6deb-58c1-be7b-8ef47190ec47,223.232.180.59,28.44324,77.05501,India,Haryana,Gurugram
1684203109058,7d116fe5-2cac-5811-8101-d50810709f47,8.253.203.60,32.58997,-92.06862,United States,Louisiana,Monroe
1684203146652,ee526cba-4846-5a1f-bd30-5397a63ce383,149.107.176.192,38.90701,-77.05270,United States,District of Columbia,Washington
1684203181946,1f15b7d4-6481-50ea-84dc-3555326ee3fe,214.183.104.21,39.97883,-82.89573,United States,Ohio,Columbus
1684203220987,7d116fe5-2cac-5811-8101-d50810709f47,8.253.203.60,32.58997,-92.06862,United States,Louisiana,Monroe
1684203274156,1f15b7d4-6481-50ea-84dc-3555326ee3fe,214.183.104.21,39.97883,-82.89573,United States,Ohio,Columbus
1684203311936,7d116fe5-2cac-5811-8101-d50810709f47,8.253.203.60,32.58997,-92.06862,United States,Louisiana,Monroe
1684203343337,1f15b7d4-6481-50ea-84dc-3555326ee3fe,214.183.104.21,39.97883,-82.89573,United States,Ohio,Columbus
1684203375775,9a68e620-6deb-58c1-be7b-8ef47190ec47,223.232.180.59,28.44324,77.05501,India,Haryana,Gurugram
1684203407669,1f15b7d4-6481-50ea-84dc-3555326ee3fe,214.183.104.21,39.97883,-82.89573,United States,Ohio,Columbus
1684203444301,ee526cba-4846-5a1f-bd30-5397a63ce383,149.107.176.192,38.90701,-77.05270,United States,District of Columbia,Washington
1684203501878,9a68e620-6deb-58c1-be7b-8ef47190ec47,223.232.180.59,28.44324,77.05501,India,Haryana,Gurugram
1684203547866,1f15b7d4-6481-50ea-84dc-3555326ee3fe,214.183.104.21,39.97883,-82.89573,United States,Ohio,Columbus
1684203598952,ee526cba-4846-5a1f-bd30-5397a63ce383,149.107.176.192,38.90701,-77.05270,United States,District of Columbia,Washington
1684203644623,95cdb0f2-9487-5bfd-aeda-bac27dd406fa,51.215.112.211,48.18234,11.59691,Germany,Bavaria,Munich
1684203697126,95cdb0f2-9487-5bfd-aeda-bac27dd406fa,51.215.112.211,48.18234,11.59691,Germany,Bavaria,Munich
1684203743444,95cdb0f2-9487-5bfd-aeda-bac27dd406fa,51.215.112.211,48.18234,11.59691,Germany,Bavaria,Munich
1684203797243,ee526cba-4846-5a1f-bd30-5397a63ce383,149.107.176.192,38.90701,-77.05270,United States,District of Columbia,Washington
1684203829048,7d116fe5-2cac-5811-8101-d50810709f47,8.253.203.60,32.58997,-92.06862,United States,Louisiana,Monroe
1684203866141,ee526cba-4846-5a1f-bd30-5397a63ce383,149.107.176.192,38.90701,-77.05270,United States,District of Columbia,Washington
1684203902707,ee526cba-4846-5a1f-bd30-5397a63ce383,149.107.176.192,38.90701,-77.05270,United States,District of Columbia,Washington
1684203952251,95cdb0f2-9487-5bfd-aeda-bac27dd406fa,51.215.112.211,48.18234,11.59691,Germany,Bavaria,Munich
1684204009833,ee526cba-4846-5a1f-bd30-5397a63ce383,149.107.176.192,38.90701,-77.05270,United States,District of Columbia,Washington
1684204045409,ee526cba-4846-5a1f-bd30-5397a63ce383,149.107.176.192,38.90701,-77.05270,United States,District of Columbia,Washington
1684204085107,ee526cba-4846-5a1f-bd30-5397a63ce383,149.107.176.192,38.90701,-77.05270,United States,District of Columbia,Washington
1684204142362,95cdb0f2-9487-5bfd-aeda-bac27dd406fa,51.215.112.211,48.18234,11.59691,Germany,Bavaria,Munich
1684204193714,7d116fe5-2cac-5811-8101-d50810709f47,8.253.203.60,32.58997,-92.06862,United States,Louisiana,Monroe
1684204224575,7d116fe5-2cac-5811-8101-d50810709f47,8.253.203.60,32.58997,-92.06862,United States,Louisiana,Monroe
1684204264132,ee526cba-4846-5a1f-bd30-5397a63ce383,149.107.176.192,38.90701,-77.05270,United States,District of Columbia,Washington
1684204299627,ee526cba-4846-5a1f-bd30-5397a63ce383,149.107.176.192,38.90701,-77.05270,United States,District of Columbia,Washington
1684204340441,1f15b7d4-6481-50ea-84dc-3555326ee3fe,214.183.104.21,39.97883,-82.89573,United States,Ohio,Columbus
1684204397046,1f15b7d4-6481-50ea-84dc-3555326ee3fe,214.183.104.21,39.97883,-82.89573,United States,Ohio,Columbus
1684204448731,1f15b7d4-6481-50ea-84dc-3555326ee3fe,214.183.104.21,39.97883,-82.89573,United States,Ohio,Columbus
1684204484689,95cdb0f2-9487-5bfd-aeda-bac27dd406fa,51.215.112.211,48.18234,11.59691,Germany,Bavaria,Munich
1684204541849,7d116fe5-2cac-5811-8101-d50810709f47,8.253.203.60,32.58997,-92.06862,United States,Louisiana,Monroe
1684204589164,95cdb0f2-9487-5bfd-aeda-bac27dd406fa,51.215.112.211,48.18234,11.59691,Germany,Bavaria,Munich
1684204623499,ee526cba-4846-5a1f-bd30-5397a63ce383,149.107.176.192,38.90701,-77.05270,United States,District of Columbia,Washington
1684204674650,7d116fe5-2cac-5811-8101-d50810709f47,8.253.203.60,32.58997,-92.06862,United States,Louisiana,Monroe
1684204726757,7d116fe5-2cac-5811-8101-d50810709f47,8.253.203.60,32.58997,-92.06862,United States,Louisiana,Monroe
1684204760880,1f15b7d4-6481-50ea-84dc-3555326ee3fe,214.183.104.21,39.97883,-82.89573,United States,Ohio,Columbus
1684204806377,95cdb0f2-9487-5bfd-aeda-bac27dd406fa,51.215.112.211,48.18234,11.59691,Germany,Bavaria,Munich
1684204851919,ee526cba-4846-5a1f-bd30-5397a63ce383,149.107.176.192,38.90701,-77.05270,United States,District of Columbia,Washington
1684204906819,7d116fe5-2cac-5811-8101-d50810709f47,8.253.203.60,32.58997,-92.06862,United States,Louisiana,Monroe
1684204960883,7d116fe5-2cac-5811-8101-d50810709f47,8.253.203.60,32.58997,-92.06862,United States,Louisiana,Monroe
1684205011498,ee526cba-4846-5a1f-bd30-5397a63ce383,149.107.176.192,38.90701,-77.05270,United States,District of Columbia,Washington
1684205045818,ee526cba-4846-5a1f-bd30-5397a63ce383,149.107.176.192,38.90701,-77.05270,United States,District of Columbia,Washington
1684205089726,7d116fe5-2cac-5811-8101-d50810709f47,8.253.203.60,32.58997,-92.06862,United States,Louisiana,Monroe
1684205127882,ee526cba-4846-5a1f-bd30-5397a63ce383,149.107.176.192,38.90701,-77.05270,United States,District of Columbia,Washington
1684205177778,ee526cba-4846-5a1f-bd30-5397a63ce383,149.107.176.192,38.90701,-77.05270,United States,District of Columbia,Washington
1684205226636,ee526cba-4846-5a1f-bd30-5397a63ce383,149.107.176.192,38.90701,-77.05270,United States,District of Columbia,Washington
1684205284154,7d116fe5-2cac-5811-8101-d50810709f47,8.253.203.60,32.58997,-92.06862,United States,Louisiana,Monroe
1684205315076,ee526cba-4846-5a1f-bd30-5397a63ce383,149.107.176.192,38.90701,-77.05270,United States,District of Columbia,Washington
1684205355427,7d116fe5-2cac-5811-8101-d50810709f47,8.253.203.60,32.58997,-92.06862,United States,Louisiana,Monroe
1684205413385,ee526cba-4846-5a1f-bd30-5397a63ce383,149.107.176.192,38.90701,-77.05270,United States,District of Columbia,Washington
1684205453836,ee526cba-4846-5a1f-bd30-5397a63ce383,149.107.176.192,38.90701,-77.05270,United States,District of Columbia,Washington
1684205486604,ee526cba-4846-5a1f-bd30-5397a63ce383,149.107.176.192,38.90701,-77.05270,United States,District of Columbia,Washington
1684205544991,ee526cba-4846-5a1f-bd30-5397a63ce383,149.107.176.192,38.90701,-77.05270,United States,District of Columbia,Washington
1684205589792,ee526cba-4846-5a1f-bd30-5397a63ce383,149.107.176.192,38.90701,-77.05270,United States,District of Columbia,Washington
1684205648590,ee526cba-4846-5a1f-bd30-5397a63ce383,149.107.176.192,38.90701,-77.05270,United States,District of Columbia,Washington
1684205706829,ee526cba-4846-5a1f-bd30-5397a63ce383,149.107.176.192,38.90701,-77.05270,United States,District of Columbia,Washington
1684205746183,ee526cba-4846-5a1f-bd30-5397a63ce383,149.107.176.192,38.90701,-77.05270,United States,District of Columbia,Washington
1684205800173,ee526cba-4846-5a1f-bd30-5397a63ce383,149.107.176.192,38.90701,-77.05270,United States,District of Columbia,Washington
1684205838463,ee526cba-4846-5a1f-bd30-5397a63ce383,149.107.176.192,38.90701,-77.05270,United States,District of Columbia,Washington
1684205871074,ee526cba-4846-5a1f-bd30-5397a63ce383,149.107.176.192,38.90701,-77.05270,United States,District of Columbia,Washington
